{"options":{"check_for_updates":false,"comment":"","compatopts_for_requires":true,"compat_wrappedjsobject":false,"compat_metadata":false,"compat_foreach":false,"compat_prototypes":false,"compat_powerful_this":null,"noframes":false,"unwrap":null,"run_at":"document-end","tab_types":null,"override":{"merge_connects":true,"merge_excludes":true,"merge_includes":true,"merge_matches":true,"orig_connects":["vkontakte.ru/*","vk.com/*","userapi.com/*","vk.me/*"],"orig_excludes":[],"orig_includes":[],"orig_matches":["vk.com/*","vk.me/*","vkontakte.ru/*"],"orig_noframes":null,"orig_run_at":"document-end","use_blockers":[],"use_connects":[],"use_excludes":[],"use_includes":[],"use_matches":[]}},"settings":{"enabled":true,"position":1},"meta":{"name":"VK Pinky","uuid":"ac148de0-d055-4862-854c-6cad810ae7d8","modified":1657849970921}}